{
	"settings": {
		"number_of_shards": 1,
		"number_of_replicas": "1",
		"analysis": {
			"normalizer": {
				"catalog_normalizer": {
					"filter": [
						"lowercase"
					],
					"type": "custom"
				}
			}
		}
	},
	"mappings": {
		"dynamic": "false",
		"properties": {
			"_metadata": {
				"properties": {
					"isPublished": {
						"type": "boolean"
					},
					"isViewable": {
						"type": "boolean"
					},
					"lastModifiedBy": {
						"type": "text",
						"fields": {
							"keyword": {
								"type": "keyword",
								"ignore_above": 256,
								"normalizer": "catalog_normalizer"
							}
						}
					},
					"lastModifiedTime": {
						"type": "date",
						"format": "yyyy-MM-dd'T'HH:mm:ss.SSSZ||date_optional_time"
					},
					"lastPublishedBy": {
						"type": "text",
						"fields": {
							"keyword": {
								"type": "keyword",
								"ignore_above": 256,
								"normalizer": "catalog_normalizer"
							}
						}
					},
					"lastPublishedTime": {
						"type": "date",
						"format": "yyyy-MM-dd'T'HH:mm:ss.SSSZ||date_optional_time"
					},
					"lastSyncedTime": {
						"type": "date",
						"format": "yyyy-MM-dd'T'HH:mm:ss.SSSZ||date_optional_time"
					},
					"productId": {
						"type": "text",
						"fields": {
							"keyword": {
								"type": "keyword",
								"ignore_above": 128
							}
						}
					},
					"productSource": {
						"type": "text",
						"fields": {
							"keyword": {
								"type": "keyword",
								"ignore_above": 64,
								"normalizer": "catalog_normalizer"
							}
						}
					},
					"productStatus": {
						"type": "text",
						"fields": {
							"keyword": {
								"type": "keyword",
								"ignore_above": 64
							}
						}
					},
					"productType": {
						"type": "text",
						"fields": {
							"keyword": {
								"type": "keyword",
								"ignore_above": 64
							}
						}
					}
				}
			},
			"classification": {
				"properties": {
					"productCategory": {
						"type": "text",
						"fields": {
							"keyword": {
								"type": "keyword",
								"ignore_above": 256,
								"normalizer": "catalog_normalizer"
							}
						}
					},
					"productSubCategory": {
						"type": "text",
						"fields": {
							"keyword": {
								"type": "keyword",
								"ignore_above": 256,
								"normalizer": "catalog_normalizer"
							}
						}
					}
				}
			},
			"manufacturers": {
				"properties": {
					"name": {
						"type": "text",
						"fields": {
							"keyword": {
								"type": "keyword",
								"ignore_above": 256,
								"normalizer": "catalog_normalizer"
							}
						}
					}
				}
			},
			"displayName": {
				"type": "text",
				"fields": {
					"keyword": {
						"type": "keyword",
						"ignore_above": 256,
						"normalizer": "catalog_normalizer"
					}
				}
			}
		}
	}
}