﻿Component,Current Inventory(Units),Current Inventory(% of total),Projected demand(next mon),Reorder point,Safety stock,Inventory turnover ratio,Inventory carrying cost,Inventory performance Index,Inventory health score
Resistor R1,1000,20,1200,800,200,1.5,"$2,500 ",0.8,Good
Capacitor C2,800,16,1000,600,150,1.25,"$1,800 ",0.7,Fair
Diode D3,600,12,600,400,100,1.2,"$2,000 ",0.6,Fair
Transistor T4,1200,24,1500,900,225,1.6,"$2,000 ",0.9,Excellent
Transmeter T5400,400,8,600,300,75,1.5,"$2,800 ",0.7,Fair
